Domain,Url,Url occurences,Common?,Language
,https://twitter.com/housedemocrats?lang=en,1,yes,English
,https://www.facebook.com/NewHavenVotesCoalition/,1,yes,English
,https://www.youtube.com/watch?v=-MwrLHG_iUk,2,yes,English
,https://www.facebook.com/USSenateDemocrats/,3,yes,English
,https://www.youtube.com/watch?v=h98p7SGLqkw,3,yes,English
,https://www.youtube.com/watch?v=Ccc5HHOS_E0,4,yes,English
,https://jessica.substack.com/p/yes-im-a-single-issue-voter,3,yes,English
,https://www.youtube.com/watch?v=RRGNmkzf7g0,2,yes,English
,https://www.youtube.com/watch?v=uQSGKLsRLsc,6,yes,English
,https://www.youtube.com/watch?v=qWVkNhCevj0,1,yes,English
,https://www.youtube.com/watch?v=CwcQoyjsB1w,1,yes,English
,https://www.youtube.com/watch?v=Ev1eTTJlM4U,1,yes,English
,https://www.facebook.com/SBCountyElections/,1,yes,English
,https://www.youtube.com/watch?v=sHky_Xopyrw,2,yes,English
,https://twitter.com/sfelections?lang=en,1,yes,English
,https://twitter.com/sdvote?lang=en,1,yes,English
,https://www.youtube.com/watch?v=d7172lDQJ74,1,yes,English
,https://www.facebook.com/TulareVote/,1,yes,English
,https://www.youtube.com/watch?v=yKGOcMpEtAc,3,yes,English
,https://www.youtube.com/watch?v=avd5a5owGLY,2,yes,English
,https://www.youtube.com/watch?v=SSlBrY8MRac,2,yes,English
,https://www.youtube.com/watch?v=q8YJjYpFV6A,1,yes,English
,https://www.youtube.com/watch?v=bzb7x7CZHhg,5,yes,English
,https://www.youtube.com/watch?v=_rUkweMg3bk,1,yes,English
,https://www.facebook.com/sccvote/,1,yes,English
,https://www.youtube.com/watch?v=u-WGnL8-eo8,1,yes,English
,https://www.youtube.com/watch?v=Yv8RTYuK8CU,1,yes,English
,https://www.facebook.com/DenverElections/,1,yes,English
,https://www.facebook.com/VoteFresnoCounty/,1,yes,English
,https://www.youtube.com/watch?v=1aQBdkcuOus,1,yes,English
,https://www.youtube.com/watch?v=ON9cuQVSKAw,1,yes,English
,https://www.youtube.com/watch?v=u8lh6F1iOWY,1,yes,English
,https://twitter.com/denverelections?lang=en,1,yes,English
,https://www.facebook.com/OCROV/,1,yes,English
,https://www.youtube.com/watch?v=7DivRY7r8Ik,1,yes,English
,https://www.youtube.com/watch?v=0qHHkYKTvgU,2,yes,English
,https://www.youtube.com/watch?v=Lwi__XbMhW0,2,yes,English
,https://www.youtube.com/watch?v=UroTf4_Ilps,4,yes,English
,https://www.youtube.com/watch?v=XmDLXDnawI0,1,yes,English
,https://www.youtube.com/watch?v=cEz4YvVeubA,5,yes,English
,https://www.youtube.com/watch?v=7POFZvefUEQ,1,yes,English
,https://twitter.com/senategop?lang=en,1,yes,English
,https://www.youtube.com/watch?v=U7_oHUjRFjM,2,yes,English
,https://www.youtube.com/watch?v=COqgEBpWxnE,2,yes,English
,https://www.youtube.com/watch?v=PgWL-9UAqj8,2,yes,English
,https://www.youtube.com/watch?v=QTFUS5VtsqM,1,yes,English
,https://www.youtube.com/watch?v=fMrNgg5RO8M,1,yes,English
,https://www.reddit.com/r/Austin/comments/1gc6rrq/is_there_any_data_on_whos_favored_to_win_the/,1,yes,English
,https://www.youtube.com/watch?v=iqp5P4vJbMw,1,yes,English
,https://www.youtube.com/watch?v=84HEEOcsYBU,1,yes,English
,https://www.youtube.com/watch?v=6-dlG_GjWp0,2,yes,English
,https://www.youtube.com/watch?v=WAhny3FCNZ0,1,yes,English
,https://www.youtube.com/watch?v=GQmEB7-WG0M,1,yes,English
,https://www.youtube.com/watch?v=AVX2oobG8SI,1,yes,English
,https://www.youtube.com/watch?v=-H3Au1ZKwVU,1,yes,English
,https://www.youtube.com/watch?v=hbXyiFNiAyk,2,yes,English
,https://www.youtube.com/watch?v=Zwly2I8e__c,1,yes,English
,https://www.youtube.com/watch?v=d83C5AzH7HM,1,yes,English
,https://www.reddit.com/r/changemyview/comments/1gez041/cmv_early_2024_voting_data_indicates_a_likely_red/,1,yes,English
,https://www.facebook.com/OsceolaCountySOE/,1,yes,English
,https://www.youtube.com/watch?v=KkfvGbyRzpg,1,yes,English
,https://www.youtube.com/watch?v=TXAElAnmWWQ,1,yes,English
,https://www.facebook.com/lwvnorwalk/,1,yes,English
,https://www.facebook.com/BrowardVotes/,1,yes,English
,https://www.facebook.com/FinneyCountyClerk/,1,yes,English
,https://www.youtube.com/watch?v=YCh_iDQADI0,1,yes,English
,https://www.youtube.com/watch?v=f37T4ZsfBQ8,1,yes,English
,https://www.youtube.com/watch?v=QqwtaFHL3EU,1,yes,English
,https://www.youtube.com/watch?v=YI9UhPe5jNw,1,yes,English
,https://www.youtube.com/watch?v=rDmMYGhHoNE,1,yes,English
,https://www.facebook.com/cuyahogaboe/,1,yes,English
,https://www.facebook.com/votemonroecounty/,1,yes,English
,https://www.youtube.com/watch?v=TPfx_pEFY4s,1,yes,English
,https://www.youtube.com/watch?v=fAMEE_9JT3M,1,yes,English
,https://www.youtube.com/watch?v=7xdWQqIbsqs,1,yes,English
,https://www.facebook.com/AndrewsCountyElections/,1,yes,English
,https://www.youtube.com/watch?v=jBKEeI5o7hQ,1,yes,English
,https://www.youtube.com/watch?v=cUeVgvCnbhw,1,yes,English
,https://www.youtube.com/watch?v=YMIs_i4fw4Y,1,yes,English
,https://www.facebook.com/DallasCountyVotes/,1,yes,English
,https://www.facebook.com/EPCountyElections/,1,yes,English
,https://www.youtube.com/watch?v=0VkyVwo5gMc,1,yes,English
,https://www.facebook.com/FloydCountyClerkTx/,1,yes,English
,https://www.youtube.com/watch?v=vbwpqOgMp5Y,1,yes,English
www.vote411.org,https://www.vote411.org/,2,yes,English
www.vote411.org,https://www.vote411.org/2024-presidential-voter-guide,1,yes,English
www.vote411.org,https://www.vote411.org/ballot,1,yes,English
www.vote411.org,https://www.vote411.org/connecticut,1,yes,English
www.vote411.org,https://www.vote411.org/arizona,1,yes,English
www.vote411.org,https://www.vote411.org/california,1,yes,English
www.vote411.org,https://www.vote411.org/check-registration,1,yes,English
www.vote411.org,https://www.vote411.org/colorado,1,yes,English
www.vote411.org,https://www.vote411.org/washington,1,yes,English
www.vote411.org,https://www.vote411.org/wisconsin,1,yes,English
www.vote411.org,https://www.vote411.org/texas,1,yes,English
www.vote411.org,https://www.vote411.org/virginia,1,yes,English
www.vote411.org,https://www.vote411.org/utah,1,yes,English
www.vote411.org,https://www.vote411.org/florida,1,yes,English
www.vote411.org,https://www.vote411.org/kansas,1,yes,English
www.vote411.org,https://www.vote411.org/massachusetts,1,yes,English
www.vote411.org,https://www.vote411.org/illinois,1,yes,English
www.vote411.org,https://www.vote411.org/idaho,1,yes,English
www.vote411.org,https://www.vote411.org/michigan,1,yes,English
www.vote411.org,https://www.vote411.org/new-mexico,1,yes,English
www.vote411.org,https://www.vote411.org/new-jersey,1,yes,English
www.vote411.org,https://www.vote411.org/new-york,1,yes,English
www.vote411.org,https://www.vote411.org/ohio,1,yes,English
www.vote411.org,https://www.vote411.org/rhode-island,1,yes,English
www.vote411.org,https://www.vote411.org/nebraska,1,yes,English
www.vote411.org,https://www.vote411.org/nevada,1,yes,English
www.vote411.org,https://www.vote411.org/pennsylvania,1,yes,English
www.sos.ca.gov,https://www.sos.ca.gov/elections/upcoming-elections/general-election-nov-5-2024,4,yes,English
www.sos.ca.gov,https://www.sos.ca.gov/elections?utm_id=120213903740130676,1,yes,English
www.sos.ca.gov,https://www.sos.ca.gov/elections/polling-place,1,yes,English
www.sos.ca.gov,https://www.sos.ca.gov/elections,1,yes,English
www.sos.ca.gov,https://www.sos.ca.gov/elections/upcoming-elections/county-administered-elections,1,yes,English
www.sos.ca.gov,https://www.sos.ca.gov/elections/voting-resources/county-elections-offices,1,yes,English
www.sos.ca.gov,https://www.sos.ca.gov/elections/ballot-measures/qualified-ballot-measures?os=fuzzsc,1,yes,English
www.sos.ca.gov,https://www.sos.ca.gov/elections/voting-resources/voter-information-guides,1,yes,English
www.sos.ca.gov,https://www.sos.ca.gov/elections/voting-info/ways-vote,1,yes,English
www.sos.ca.gov,https://www.sos.ca.gov/elections/where-and-how?rel=outbound,1,yes,English
www.sos.ca.gov,https://www.sos.ca.gov/elections/voting-resources/voting-california/election-dates-and-resources,2,yes,English
www.sos.ca.gov,https://www.sos.ca.gov/elections/ballot-status/wheres-my-ballot,2,yes,English
www.sos.ca.gov,https://www.sos.ca.gov/elections/ballot-measures/qualified-ballot-measures,1,yes,English
www.sos.ca.gov,https://www.sos.ca.gov/elections/voter-registration/vote-mail,1,yes,English
www.sos.ca.gov,https://www.sos.ca.gov/elections/randomized-alphabet,1,yes,English
www.sos.ca.gov,https://www.sos.ca.gov/elections/voting-resources/voting-california/where-and-how-vote-incorrect,2,yes,English
www.sos.ca.gov,https://www.sos.ca.gov/elections/voting-resources/voting-california?os=%2527,1,yes,English
www.sos.ca.gov,https://www.sos.ca.gov/elections/,1,yes,English
www.sos.ca.gov,https://www.sos.ca.gov/elections/ballot-measures/qualified-ballot-measures?os=0,1,yes,English
www.sos.ca.gov,https://www.sos.ca.gov/elections?%5D=,1,yes,English
www.sos.ca.gov,https://www.sos.ca.gov/elections/registration-status?os=vbkn42tqho5h1r,1,yes,English
www.sos.ca.gov,https://www.sos.ca.gov/elections/candidate-statements,1,yes,English
www.sos.ca.gov,https://www.sos.ca.gov/elections/where-and-how,1,yes,English
www.sos.ca.gov,https://www.sos.ca.gov/elections/upcoming-elections/general-election-nov-5-2024/key-dates-deadlines,1,yes,English
www.sos.ca.gov,https://www.sos.ca.gov/elections/prior-elections/statewide-election-results,1,yes,English
www.sos.ca.gov,https://www.sos.ca.gov/elections/prior-elections,1,yes,English
www.sos.ca.gov,https://www.sos.ca.gov/elections/voter-registration/vote-mail?os=wtmbZEgMu5Hw&ref=app,1,yes,English
www.sos.ca.gov,https://www.sos.ca.gov/elections/voting-resources/voting-california,1,yes,English
www.sos.ca.gov,https://www.sos.ca.gov/elections/political-parties/no-party-preference?os=wtmbrgj5xbah,1,yes,English
www.sos.ca.gov,https://www.sos.ca.gov/elections/voter-registration,1,yes,English
www.sos.ca.gov,https://www.sos.ca.gov/elections/voting-resources/voting-california/help-strengthen-our-democracy/poll-worker-training-standards/section-three,1,yes,English
www.sos.ca.gov,https://www.sos.ca.gov/elections/primary-elections-california,1,yes,English
www.sos.ca.gov,https://www.sos.ca.gov/elections/polling-place?polling-location=,1,yes,English
www.sos.ca.gov,https://www.sos.ca.gov/elections?dclid=CKuJkofCo4kDFeMOaAgdUjUFxw,1,yes,English
www.sos.ca.gov,https://www.sos.ca.gov/elections/voter-registration/vote-mail?os=___,1,yes,English
www.votetexas.gov,https://www.votetexas.gov/mobile/voting/voting-in-person.htm,5,yes,English
www.votetexas.gov,https://www.votetexas.gov/,1,yes,English
www.votetexas.gov,https://www.votetexas.gov/mobile/voting/voting-by-mail.htm,2,yes,English
www.votetexas.gov,https://www.votetexas.gov/voting/where.html,1,yes,English
www.votetexas.gov,https://www.votetexas.gov/mobile/index.htm,1,yes,English
www.votetexas.gov,https://www.votetexas.gov/faq/early-voting.html,1,yes,English
www.votetexas.gov,https://www.votetexas.gov/systems/,1,yes,English
www.votetexas.gov,https://www.votetexas.gov/your-rights/,1,yes,English
www.votetexas.gov,https://www.votetexas.gov/register-to-vote/update-voter-registration.html,6,yes,English
www.votetexas.gov,https://www.votetexas.gov/mobile/voter-with-special-needs.htm,1,yes,English
www.votetexas.gov,https://www.votetexas.gov/register-to-vote/voter-registration-certificate.html,2,yes,English
www.votetexas.gov,https://www.votetexas.gov/mobile/voting/index.htm,1,yes,English
www.votetexas.gov,https://www.votetexas.gov/mobile/id-faqs.htm,1,yes,English
apnews.com,https://apnews.com/article/wisconsin-wausau-absentee-ballot-drop-box-7ed197e8d2940054f82a9e28fb8fa882,2,yes,English
apnews.com,https://apnews.com/article/abortion-presidential-candidates-gop-2024-32f0b379ef6610aec0219e9c197bbbde,2,yes,English
apnews.com,https://apnews.com/hub/election-2024,1,yes,English
apnews.com,https://apnews.com/projects/election-results-2024/,1,yes,English
apnews.com,https://apnews.com/article/abortion-ballot-amendment-ban-protection-states-2024-052ff9846f8416efb725240af22b92ec,3,yes,English
apnews.com,https://apnews.com/article/abortion-election-2024-roe-ballot-4403190b898e501b0834053c3417d072,2,yes,English
apnews.com,https://apnews.com/article/trump-harris-issue-positions-worlds-apart-3f80a342c790da64e3de92a4f5760991,2,yes,English
apnews.com,https://apnews.com/article/election-2024-what-to-watch-4de963c6474ff7a0b4044d6a23cf8ad7,2,yes,English
apnews.com,https://apnews.com/article/abortion-election-harris-trump-women-north-carolina-f14edf1e33c367a430784f7848834514,1,yes,English
apnews.com,https://apnews.com/article/vote-ballot-drop-box-democracy-fire-f66c52f774955106fb9e7c8172825cff,2,yes,English
apnews.com,https://apnews.com/live/election-2024-news-updates-harris-trump,2,yes,English
apnews.com,https://apnews.com/article/biden-kamala-harris-election-2024-ed9d040150d548d3d0ab3d0a47fe60e2,1,yes,English
apnews.com,https://apnews.com/article/derrick-anderson-eugene-vindman-congress-election-virginia-ef0bdaf5e2a30dc1d196b9721c1769ac,1,yes,English
apnews.com,https://apnews.com/article/election-2024-harris-trump-legal-challenges-563936d90d83de456e704de7d03b5063,1,yes,English
apnews.com,https://apnews.com/article/presidential-candidates-2024-301db5ce310cafc97025682b39ceac6e,1,yes,English
www.nycvotes.org,https://www.nycvotes.org/whats-on-the-ballot/2024-state-and-federal-general-election/,5,no,English
www.nycvotes.org,https://www.nycvotes.org/whats-on-the-ballot/2023-general-election/compare-candidates/,1,no,English
www.nycvotes.org,https://www.nycvotes.org/whats-on-the-ballot/2024-state-and-federal-general-election/2024-ballot-proposals/,2,no,English
www.nycvotes.org,https://www.nycvotes.org/,1,no,English
www.nycvotes.org,https://www.nycvotes.org/how-to-vote/vote-by-mail/,1,no,English
www.nycvotes.org,https://www.nycvotes.org/how-to-vote/early-voting/,1,no,English
www.nycvotes.org,https://www.nycvotes.org/how-to-vote/register-to-vote/,1,no,English
www.nycvotes.org,https://www.nycvotes.org/why-vote/types-of-elections/,1,no,English
www.lavote.gov,https://www.lavote.gov/home/voting-elections/voter-education/what-to-do-before-an-election/get-your-sample-ballot,2,yes,English
www.lavote.gov,https://www.lavote.gov/home/voting-elections/current-elections/upcoming-elections,2,yes,English
www.lavote.gov,https://www.lavote.gov/home/voting-elections/voting-options/vote-by-mail/vbm-ballot-drop-off,5,yes,English
www.lavote.gov,https://www.lavote.gov/home/voting-elections/voting-options/interactive-sample-ballot,1,yes,English
www.lavote.gov,https://www.lavote.gov/home/voting-elections/current-elections/find-my-election-information,1,yes,English
www.lavote.gov,https://www.lavote.gov/home/voting-elections/voting-options/voting-in-person/about,2,yes,English
www.lavote.gov,https://www.lavote.gov/home/voting-elections/voting-options/vote-by-mail/how-to-vote-by-mail,1,yes,English
www.lavote.gov,https://www.lavote.gov/home/voting-elections/voter-education/what-to-do-before-an-election/register-to-vote,1,yes,English
www.cnn.com,https://www.cnn.com/election/2024/calendar,2,no,English
www.cnn.com,https://www.cnn.com/interactive/2024/politics/presidential-candidates-dg/,4,no,English
www.cnn.com,https://www.cnn.com/election/2024,1,no,English
www.cnn.com,https://www.cnn.com/2024/10/25/politics/cnn-poll-harris-trump/index.html,1,no,English
www.cnn.com,https://www.cnn.com/2024/10/24/politics/house-gop-committee-trump-fake-elector-scheme/index.html,2,no,English
www.cnn.com,https://www.cnn.com/2024/10/25/media/washington-post-wont-endorse-presidential-candidate/index.html,1,no,English
www.cnn.com,https://www.cnn.com/2024/09/22/politics/young-voters-election-issues/index.html,2,no,English
www.cnn.com,https://www.cnn.com/election/2024/primaries-and-caucuses/results/california,1,no,English
www.cnn.com,https://www.cnn.com/2024/10/28/us/ballot-box-fires-oregon-washington/index.html,1,no,English
www.cnn.com,https://www.cnn.com/election/2024/primaries-and-caucuses/results/democratic-party/president,1,no,English
www.cnn.com,https://www.cnn.com/election/2024/senate-race-ratings,1,no,English
www.cnn.com,https://www.cnn.com/politics/live-news/harris-trump-election-10-24-24/index.html,3,no,English
www.cnn.com,https://www.cnn.com/2024/09/30/politics/fact-check-trump-election-lies-2024/index.html,2,no,English
www.cnn.com,https://www.cnn.com/2024/08/23/politics/video/michael-cohen-blue-wave-election-dnc-digvid,1,no,English
www.cnn.com,https://www.cnn.com/election/2020/results/state/new-mexico,1,no,English
www.cnn.com,https://www.cnn.com/election/2020/results/president,1,no,English
elections.ny.gov,https://elections.ny.gov/,2,yes,English
elections.ny.gov,https://elections.ny.gov/election-information,1,yes,English
elections.ny.gov,https://elections.ny.gov/2024-statewide-ballot-proposal,1,yes,English
elections.ny.gov,https://elections.ny.gov/request-ballot,1,yes,English
elections.ny.gov,https://elections.ny.gov/become-poll-worker,1,yes,English
elections.ny.gov,https://elections.ny.gov/ways-vote,1,yes,English
elections.ny.gov,https://elections.ny.gov/early-voting,1,yes,English
elections.ny.gov,https://elections.ny.gov/register-vote,1,yes,English
elections.ny.gov,https://elections.ny.gov/new-york-state-elected-officials,1,yes,English
elections.ny.gov,https://elections.ny.gov/election-results,1,yes,English
elections.ny.gov,https://elections.ny.gov/candidate-information,1,yes,English
myvote.wi.gov,https://myvote.wi.gov/en-us/Whats-On-My-Ballot,2,yes,English
myvote.wi.gov,https://myvote.wi.gov/en-us/,1,yes,English
myvote.wi.gov,https://myvote.wi.gov/en-us/Find-My-Polling-Place,1,yes,English
myvote.wi.gov,https://myvote.wi.gov/en-us/My-Polling-Place,1,yes,English
myvote.wi.gov,https://myvote.wi.gov/en-us/My-Ballot,1,yes,English
myvote.wi.gov,https://myvote.wi.gov/en-us/My-Voter-Info,1,yes,English
myvote.wi.gov,https://myvote.wi.gov/en-us/Register-To-Vote,1,yes,English
myvote.wi.gov,https://myvote.wi.gov/en-us/Vote-Absentee-In-Person,1,yes,English
myvote.wi.gov,https://myvote.wi.gov/en-us/vote-absentee-by-mail,1,yes,English
myvote.wi.gov,https://myvote.wi.gov/en-us/Vote-Absentee-Guide,1,yes,English
myvote.wi.gov,https://myvote.wi.gov/en-us/Track-My-Ballot,1,yes,English
myvote.wi.gov,https://myvote.wi.gov/en-us/View-My-Absentee-Request,1,yes,English
myvote.wi.gov,https://myvote.wi.gov/en-us/My-Elected-Officials,1,yes,English
www.sos.wa.gov,https://www.sos.wa.gov/elections/voters/voter-registration/county-elections-offices,5,yes,English
www.sos.wa.gov,https://www.sos.wa.gov/elections/voters/helpful-information/current-election-information,4,yes,English
www.sos.wa.gov,https://www.sos.wa.gov/elections/data-research/ballot-status-codes,1,yes,English
www.sos.wa.gov,https://www.sos.wa.gov/elections/voters/helpful-information/frequently-asked-questions-voting-mail,2,yes,English
www.sos.wa.gov,https://www.sos.wa.gov/sites/default/files/2023-07/SpecialAbsenteeBallotApp_0723_0.pdf,1,yes,English
www.sos.wa.gov,https://www.sos.wa.gov/elections/voters/voter-registration/drop-box-and-voting-center-locations,4,yes,English
www.sos.wa.gov,https://www.sos.wa.gov/elections/elections-calendar/dates-and-deadlines,3,yes,English
www.sos.wa.gov,https://www.sos.wa.gov/elections/calendar,1,yes,English
www.sos.wa.gov,https://www.sos.wa.gov/elections/voters/2024-general-election-voters-guide,1,yes,English
www.sos.wa.gov,https://www.sos.wa.gov/elections/voters/2024-general-election-voters-guide/2024-initiative-information,1,yes,English
www.sos.wa.gov,https://www.sos.wa.gov/elections/candidates-campaigns/frequently-asked-questions/top-2-primary-faqs-candidates,2,yes,English
www.sos.wa.gov,https://www.sos.wa.gov/elections,1,yes,English
www.sos.wa.gov,https://www.sos.wa.gov/elections/data-research/election-data-and-maps/ballot-return-statistics,1,yes,English
www.sos.wa.gov,https://www.sos.wa.gov/elections/candidates/filing-resources/running-president-united-states,1,yes,English
en.wikipedia.org,https://en.wikipedia.org/wiki/Election_Day_(United_States),3,no,English
en.wikipedia.org,https://en.wikipedia.org/wiki/2024_Republican_Party_presidential_primaries,3,no,English
en.wikipedia.org,"https://en.wikipedia.org/wiki/Connecticut%27s_congressional_districts#:~:text=Connecticut%20is%20divided%20among%20five,United%20States%20House%20of%20Representatives.",1,no,English
en.wikipedia.org,https://en.wikipedia.org/wiki/2024_United_States_presidential_election,3,no,English
en.wikipedia.org,https://en.wikipedia.org/wiki/United_States_presidential_debates,2,no,English
en.wikipedia.org,https://en.wikipedia.org/wiki/Single-issue_politics,1,no,English
en.wikipedia.org,https://en.wikipedia.org/wiki/List_of_United_States_presidential_candidates,1,no,English
en.wikipedia.org,https://en.wikipedia.org/wiki/United_States_presidential_election,2,no,English
en.wikipedia.org,https://en.wikipedia.org/wiki/List_of_current_members_of_the_United_States_House_of_Representatives,2,no,English
en.wikipedia.org,https://en.wikipedia.org/wiki/California%27s_congressional_districts,1,no,English
en.wikipedia.org,https://en.wikipedia.org/wiki/2024_United_States_Senate_elections,3,no,English
en.wikipedia.org,https://en.wikipedia.org/wiki/Third-party_and_independent_candidates_for_the_2024_United_States_presidential_election,3,no,English
en.wikipedia.org,"https://en.wikipedia.org/wiki/Colorado%27s_congressional_districts#:~:text=Colorado%20is%20divided%20into%20eight,Colorado's%20congressional%20districts%20since%202023.",1,no,English
en.wikipedia.org,https://en.wikipedia.org/wiki/List_of_current_United_States_senators,3,no,English
en.wikipedia.org,https://en.wikipedia.org/wiki/Political_campaign,1,no,English
en.wikipedia.org,https://en.wikipedia.org/wiki/United_States_House_of_Representatives,2,no,English
en.wikipedia.org,https://en.wikipedia.org/wiki/2024_United_States_elections,2,no,English
en.wikipedia.org,https://en.wikipedia.org/wiki/List_of_United_States_representatives_from_Virginia,1,no,English
en.wikipedia.org,https://en.wikipedia.org/wiki/2024_Democratic_Party_presidential_primaries,3,no,English
en.wikipedia.org,https://en.wikipedia.org/wiki/Ballot_box,1,no,English
en.wikipedia.org,https://en.wikipedia.org/wiki/House_Democratic_Caucus,1,no,English
en.wikipedia.org,"https://en.wikipedia.org/wiki/Massachusetts%27s_congressional_districts#:~:text=Massachusetts%20is%20currently%20divided%20into,population%20since%20the%20year%202000.",2,no,English
en.wikipedia.org,https://en.wikipedia.org/wiki/Primary_election,1,no,English
en.wikipedia.org,https://en.wikipedia.org/wiki/New_Jersey%27s_congressional_districts,1,no,English
en.wikipedia.org,"https://en.wikipedia.org/wiki/New_Mexico%27s_congressional_districts#:~:text=New%20Mexico%20is%20divided%20into,United%20States%20House%20of%20Representatives.",1,no,English
www.bbc.com,https://www.bbc.com/news/articles/c5ym02gm3d4o,2,yes,English
www.bbc.com,https://www.bbc.com/news/world-us-canada-67285325,1,yes,English
www.bbc.com,https://www.bbc.com/news/articles/cj4x71znwxdo,1,yes,English
www.bbc.com,https://www.bbc.com/news/topics/cj3ergr8209t,1,yes,English
www.bbc.com,https://www.bbc.com/news/articles/c62r2y62rwro,1,yes,English
www.bbc.com,https://www.bbc.com/news/articles/ckgrrr7gzxxo,1,yes,English
www.bbc.com,https://www.bbc.com/news/world-us-canada-67383271,1,yes,English
www.bbc.com,https://www.bbc.com/news/articles/c9wjyqqpxwyo,1,yes,English
www.bbc.com,https://www.bbc.com/news/articles/c62gppprr6wo,1,yes,English
www.bbc.com,https://www.bbc.com/news/articles/cj6e6zzwnllo,1,yes,English
www.bbc.com,https://www.bbc.com/mediacentre/2024/us-presidential-election-results-night-on-the-bbc,1,yes,English
www.sos.state.tx.us,https://www.sos.state.tx.us/elections/historical/presidential.shtml,2,yes,English
www.sos.state.tx.us,https://www.sos.state.tx.us/elections/candidates/guide/2024/offices2024.shtml,8,yes,English
www.sos.state.tx.us,https://www.sos.state.tx.us/elections/voter/important-election-dates.shtml,5,yes,English
www.sos.state.tx.us,https://www.sos.state.tx.us/elections/candidates/guide/2024/ind2024.shtml,2,yes,English
www.sos.state.tx.us,https://www.sos.state.tx.us/elections/candidates/index.shtml,2,yes,English
www.sos.state.tx.us,https://www.sos.state.tx.us/elections/laws/current-elections-information.shtml,5,yes,English
www.sos.state.tx.us,https://www.sos.state.tx.us/elections/forms/pol-sub/7-17.pdf,3,yes,English
www.sos.state.tx.us,https://www.sos.state.tx.us/elections/earlyvoting/index.shtml,2,yes,English
www.sos.state.tx.us,https://www.sos.state.tx.us/elections/,1,yes,English
www.sos.state.tx.us,https://www.sos.state.tx.us/elections/voter/votregduties.shtml,2,yes,English
www.sos.state.tx.us,https://www.sos.state.tx.us/elections/candidates/guide/2024/president.shtml,4,yes,English
www.sos.state.tx.us,https://www.sos.state.tx.us/elections/voter/reqvr.shtml,1,yes,English
www.sos.state.tx.us,https://www.sos.state.tx.us/elections/forms/ballot-board-handbook.pdf,2,yes,English
www.sos.state.tx.us,https://www.sos.state.tx.us/elections/voter/county.shtml,1,yes,English
www.sos.state.tx.us,https://www.sos.state.tx.us/about/newsreleases/2022/110722.shtml,1,yes,English
www.sos.state.tx.us,https://www.sos.state.tx.us/elections/laws/countywide-polling-place-program.shtml,2,yes,English
www.sos.state.tx.us,https://www.sos.state.tx.us/elections/laws/advisory2023-01.shtml,1,yes,English
www.sos.state.tx.us,https://www.sos.state.tx.us/elections/historical/index.shtml,1,yes,English
www.sos.state.tx.us,https://www.sos.state.tx.us/elections/candidates/guide/2024/index.shtml,2,yes,English
www.sos.state.tx.us,https://www.sos.state.tx.us/elections/forms/pol-sub/7-30f.pdf,3,yes,English
www.sos.state.tx.us,https://www.sos.state.tx.us/elections/laws/advisory2023-27.shtml,2,yes,English
www.sos.state.tx.us,https://www.sos.state.tx.us/elections/forms/pol-sub/7-28f.pdf,1,yes,English
www.sos.state.tx.us,https://www.sos.state.tx.us/elections/historical/elections-results-archive.shtml,2,yes,English
www.sos.state.tx.us,https://www.sos.state.tx.us/elections/elo/index.shtml,1,yes,English
www.sos.state.tx.us,https://www.sos.state.tx.us/elections/laws/glossary.shtml,1,yes,English
www.sos.state.tx.us,https://www.sos.state.tx.us/elections/laws/advisory2020-25.shtml,1,yes,English
www.elections.virginia.gov,https://www.elections.virginia.gov/candidatepac-info/campaign-finance/,2,yes,English
www.elections.virginia.gov,https://www.elections.virginia.gov/casting-a-ballot/candidate-list/november-5-2024-general-election-presidential/,1,yes,English
www.elections.virginia.gov,https://www.elections.virginia.gov/casting-a-ballot/candidate-list/,5,yes,English
www.elections.virginia.gov,https://www.elections.virginia.gov/casting-a-ballot/polling-place-lookup/,2,yes,English
www.elections.virginia.gov,https://www.elections.virginia.gov/casting-a-ballot/early-voting-office-locations/,2,yes,English
www.elections.virginia.gov,https://www.elections.virginia.gov/casting-a-ballot/calendars-schedules/upcoming-elections.html,4,yes,English
www.elections.virginia.gov,https://www.elections.virginia.gov/,1,yes,English
www.elections.virginia.gov,https://www.elections.virginia.gov/casting-a-ballot/redistricting/interactive-map/,2,yes,English
www.elections.virginia.gov,https://www.elections.virginia.gov/registration/election-voter-faq/,1,yes,English
www.elections.virginia.gov,https://www.elections.virginia.gov/casting-a-ballot/polling-place-and-ballot-information-lookup/,1,yes,English
www.elections.virginia.gov,https://www.elections.virginia.gov/election-law/place-issue-on-ballot/,2,yes,English
www.elections.virginia.gov,https://www.elections.virginia.gov/citizen-portal/,1,yes,English
www.elections.virginia.gov,https://www.elections.virginia.gov/casting-a-ballot/early-absentee/,4,yes,English
www.elections.virginia.gov,https://www.elections.virginia.gov/localGR,1,yes,English
www.elections.virginia.gov,https://www.elections.virginia.gov/casting-a-ballot/candidate-list/november-5-2024-general-election-us-house/,1,yes,English
www.elections.virginia.gov,https://www.elections.virginia.gov/voter-pocket-guide/,1,yes,English
,https://www.youtube.com/watch?v=FCV1FUAiiRc,2,yes,Spanish
,https://www.instagram.com/votolatino/p/C8mrXK_Ag3L/,1,yes,Spanish
,https://www.youtube.com/watch?v=yJbKzmygSO8,1,yes,Spanish
,https://www.instagram.com/olaazulswimwear/?hl=en,1,yes,Spanish
,https://www.instagram.com/olaazulswimwear/reel/DAhXHUlRcdE/,1,yes,Spanish
,https://www.facebook.com/olaazulsw/,1,yes,Spanish
,https://www.facebook.com/porquienvotogt/?locale=es_LA,1,yes,Spanish
,https://twitter.com/porquienvotogt,1,yes,Spanish
,https://www.youtube.com/watch?v=9rRyDwlzYTs,5,yes,Spanish
,https://www.youtube.com/watch?v=UHoWc7Vd-sE,1,yes,Spanish
,https://www.instagram.com/viniciocastillopolitico/p/C4n5hzjRQB9/,1,yes,Spanish
,https://twitter.com/chhoficial/status/1848491500629557259,1,yes,Spanish
,https://www.youtube.com/watch?v=tIbrs83ok10,1,yes,Spanish
,https://www.youtube.com/watch?v=8I1Hi43LP_Q,1,yes,Spanish
,https://www.facebook.com/LuisAbinaderCorona/videos/formidable-encuentro-en-santo-domingo-oeste-junto-con-nuestros-candidatos-congre/299655606348837/,1,yes,Spanish
,https://www.youtube.com/watch?v=fYd3uOIgYY0,1,yes,Spanish
,https://m.youtube.com/watch?v=BHYv-cT3Xb4,5,yes,Spanish
,https://www.youtube.com/watch?v=isXx-o4X9bk,1,yes,Spanish
,https://www.youtube.com/watch?v=tCXUh23GCiU,1,yes,Spanish
,https://www.youtube.com/watch?v=6EYjWBpPLfs,1,yes,Spanish
,https://www.youtube.com/watch?v=Cy7G8_OTb8E,4,yes,Spanish
,https://twitter.com/housedemocrats?lang=en,1,yes,Spanish
,https://www.youtube.com/watch?v=KTOSMVo9-xc,1,yes,Spanish
,https://www.facebook.com/photo.php?fbid=818409610310474&id=100064243287115&set=a.249474190537355,1,yes,Spanish
,https://www.youtube.com/watch?v=5cDS0LIsEBw,1,yes,Spanish
,https://www.facebook.com/JugandoPelotaPR/videos/jugando-pelota-dura-10-16-2024/1096386048824001/,1,yes,Spanish
,https://www.youtube.com/watch?v=2Ri04XjUYNI,1,yes,Spanish
,https://www.youtube.com/watch?v=5DrNlvo4tY0,3,yes,Spanish
,https://www.youtube.com/watch?v=CggYuHWC3Zw,2,yes,Spanish
,https://www.youtube.com/watch?v=hG91BoiEMvg,1,yes,Spanish
,https://www.instagram.com/adn40mx/reel/DBSOofZCAip/,1,yes,Spanish
,https://www.youtube.com/watch?v=CCSOktFYdXY,1,yes,Spanish
,https://www.youtube.com/watch?v=l33BimTR9Qc,1,yes,Spanish
,https://m.youtube.com/watch?v=iw98bgPGbCw,1,yes,Spanish
,https://www.youtube.com/watch?v=r-ZqgTknJkE,1,yes,Spanish
,https://www.instagram.com/rojabhaskar_/p/C_3rPvpT7Bu/,1,yes,Spanish
,https://www.youtube.com/watch?v=LkQMB3JOchg,1,yes,Spanish
,https://www.instagram.com/luisabinader/reel/C5et0aexyGH/,1,yes,Spanish
,https://www.youtube.com/watch?v=rnlDZ7JoNe0,1,yes,Spanish
,https://www.facebook.com/AdamesDagoberto/videos/graciasmilgran-caravana-de-apoyo-a-luis-abinader-y-sus-candidatos-congresuales-r/3614820805500369/,1,yes,Spanish
,https://www.youtube.com/watch?v=cuUnRpMrgow,1,yes,Spanish
,https://www.youtube.com/watch?v=PYG_w773Bvk,1,yes,Spanish
,https://www.youtube.com/watch?v=wIxHqikFzbA,3,yes,Spanish
,https://www.youtube.com/watch?v=VYZtpCvf7-o,1,yes,Spanish
,https://www.youtube.com/watch?v=GfJJ8XpE4Yk,2,yes,Spanish
,https://www.youtube.com/watch?v=6Bl7108z0ww,3,yes,Spanish
,https://www.youtube.com/watch?v=FCY6ZCUB7ek,1,yes,Spanish
,https://www.youtube.com/watch?v=KXKtJ95VIOc,1,yes,Spanish
,https://www.youtube.com/watch?v=DaZngReyfP8,1,yes,Spanish
,https://www.youtube.com/watch?v=HlI144qp0VM,1,yes,Spanish
,https://www.youtube.com/watch?v=lCUXu7T0m3E,2,yes,Spanish
,https://www.facebook.com/MaderaElections/,1,yes,Spanish
,https://www.youtube.com/watch?v=lJQR86Fdyec,1,yes,Spanish
,https://www.youtube.com/watch?v=iofD_QIcih0,1,yes,Spanish
,https://www.facebook.com/telemundouy/videos/el-senador-charles-carrera-no-estar%C3%A1-en-la-lista-609-para-las-pr%C3%B3ximas-eleccione/1091839642276461/,1,yes,Spanish
,https://www.youtube.com/watch?v=GzMiKbvSSeM,1,yes,Spanish
,https://www.facebook.com/telemundouy/videos/el-senador-carrera-grab%C3%B3-un-mensaje-para-los-militantes-del-mpp-y-dijo-que-su-no/909953617761143/,1,yes,Spanish
,https://www.facebook.com/telemundouy/videos/-el-senado-discute-en-sesi%C3%B3n-extraordinaria-la-renuncia-del-senador-charles-carr/1493033318058702/,1,yes,Spanish
,https://www.youtube.com/watch?v=uJvR8Fkpin0,1,yes,Spanish
,https://www.youtube.com/watch?v=YW1YmNajryU,1,yes,Spanish
,https://www.youtube.com/watch?v=MwXkKjB5LY4,1,yes,Spanish
,https://www.youtube.com/watch?v=48tnH73eskU,1,yes,Spanish
,https://www.youtube.com/watch?v=h_G0IJfIiGc,1,yes,Spanish
,https://www.youtube.com/watch?v=z-kGT3fzdr4,1,yes,Spanish
,https://www.youtube.com/watch?v=runWA8oSG_w,1,yes,Spanish
,https://www.youtube.com/watch?v=hu1VdrjyHlg,2,yes,Spanish
,https://www.youtube.com/shorts/cJrzfBhRfF4,1,yes,Spanish
,https://www.youtube.com/watch?v=fn0T2HDz-A8,3,yes,Spanish
,https://www.youtube.com/watch?v=oI4MJpp1Bus,1,yes,Spanish
,https://www.instagram.com/rdesprovida/reel/C6r4hXlLwxj/?locale=zh-TW,1,yes,Spanish
,https://www.youtube.com/watch?v=XBt9OnoXSTc,1,yes,Spanish
,https://www.youtube.com/watch?v=dn4VAbqGnsM,1,yes,Spanish
,https://www.youtube.com/watch?v=oTKpU4NHZ-M,1,yes,Spanish
,https://www.youtube.com/watch?v=6fGmLpIOHTI,2,yes,Spanish
,https://www.instagram.com/unidosxlavida/?hl=en,1,yes,Spanish
,https://www.youtube.com/watch?v=xoJUyW4HYdQ,3,yes,Spanish
,https://www.youtube.com/watch?v=cJrzfBhRfF4,1,yes,Spanish
,https://www.facebook.com/OnceNoticiasTV/videos/-lo-mejor-del-debate-actual-est%C3%A1-en-eldesfiladero-steph_shyo-alexgonzor-y-anitac/1550619655528399/,1,yes,Spanish
,https://www.instagram.com/olaazulswimwear/p/CtWjOZLunmW/,1,yes,Spanish
,https://www.youtube.com/watch?v=rxKWHwf7qyA,1,yes,Spanish
,https://www.youtube.com/watch?v=dwMJrmZrEiU,1,yes,Spanish
,https://www.youtube.com/watch?v=ZvMv2zr3Y1g,1,yes,Spanish
,https://www.youtube.com/watch?v=QGdP6APqKYo,1,yes,Spanish
,https://www.youtube.com/watch?v=6kBAFeYLdGQ,1,yes,Spanish
,https://www.youtube.com/watch?v=gdTkxg0P4Tk,1,yes,Spanish
,https://www.youtube.com/watch?v=oleeKXaKW6s,3,yes,Spanish
,https://www.youtube.com/watch?v=_yF5d8gLlJw,1,yes,Spanish
,https://www.youtube.com/watch?v=phkGMC1zaAA,4,yes,Spanish
,https://www.facebook.com/univision62/videos/as%C3%AD-ha-sido-la-carrera-de-joe-biden/459740893564307/,1,yes,Spanish
,https://www.youtube.com/watch?v=DD0P-gMMhUk,6,yes,Spanish
,https://www.youtube.com/watch?v=Ziu65nV511Y,1,yes,Spanish
,https://www.youtube.com/watch?v=c-4LGOIpsME,1,yes,Spanish
,https://www.youtube.com/watch?v=77cU5xMLs_w,1,yes,Spanish
,https://www.youtube.com/watch?v=_t1v02gGexo,1,yes,Spanish
,https://www.youtube.com/watch?v=q_9ZpvG2o6M,1,yes,Spanish
,https://www.facebook.com/INEMexico/videos/primer-debate-presidencial-m%C3%A9xico-2024/1111396723429810/,1,yes,Spanish
,https://www.youtube.com/watch?v=yEI_ccCrCgg,1,yes,Spanish
,https://www.youtube.com/watch?v=4rIQiHy31bk,1,yes,Spanish
,https://www.youtube.com/watch?v=EE5q_D-Fxq0,1,yes,Spanish
,https://www.youtube.com/watch?v=mCwNtKbv3Mg,1,yes,Spanish
,https://www.youtube.com/watch?v=G58dVTuk5jg,1,yes,Spanish
,https://www.youtube.com/watch?v=sEQhhRiGCdI,1,yes,Spanish
,https://www.youtube.com/watch?v=8Bjcq9pEkaM,5,yes,Spanish
,https://www.youtube.com/watch?v=mx1qNfHCLY8,1,yes,Spanish
,https://www.youtube.com/watch?v=ltosAfsothY,1,yes,Spanish
,https://www.youtube.com/watch?v=Fv-jH_ifLfM,1,yes,Spanish
,https://www.youtube.com/watch?v=XVlacHpjNPU,1,yes,Spanish
,https://www.youtube.com/watch?v=swWdURuN6y4,1,yes,Spanish
,https://www.facebook.com/UniversidadAustral/posts/presentamos-las-5-propuestas-que-la-universidad-austral-elabor%C3%B3-para-abordar-el-/10155839095203253/,1,yes,Spanish
,https://www.instagram.com/olaazulswimwear/reel/DBXfF4RRLSf/,1,yes,Spanish
,https://www.instagram.com/ob_laolaazul/,1,yes,Spanish
,https://www.youtube.com/watch?v=etNNnZMD3ec,1,yes,Spanish
,https://m.youtube.com/watch?v=6EYjWBpPLfs&pp=ygUPI3JlcHVibGljYW5vc21n,1,yes,Spanish
,https://www.youtube.com/watch?v=RMv6597nm3Q,1,yes,Spanish
,https://www.youtube.com/watch?v=YxVD9WOJ8lU,1,yes,Spanish
,https://www.youtube.com/watch?v=8_cdXaOyqI8,1,yes,Spanish
,https://www.facebook.com/FPcomunica/videos/5058f1af/938773761172183/,1,yes,Spanish
,https://www.youtube.com/watch?v=kZaucITWv00,1,yes,Spanish
,https://www.youtube.com/watch?v=dMTp2jgzgMA,1,yes,Spanish
,https://www.youtube.com/watch?v=8L9lpVbjw2o,1,yes,Spanish
,https://www.youtube.com/watch?v=a9s3_0tLMek,1,yes,Spanish
,https://www.instagram.com/rdesprovida/?hl=en,1,yes,Spanish
,https://www.youtube.com/watch?v=FvRwYNZK7pY,4,yes,Spanish
,https://www.youtube.com/watch?v=r1pszuWPKbw,1,yes,Spanish
,https://www.youtube.com/watch?v=DYclP8wUeNA,1,yes,Spanish
,https://www.youtube.com/watch?v=GXbTfMk9cpI,1,yes,Spanish
,https://www.youtube.com/watch?v=16hJ8KH1RGM,1,yes,Spanish
,https://www.youtube.com/watch?v=seEflSy2Zso,1,yes,Spanish
,https://www.youtube.com/watch?v=I00IssORjWI,1,yes,Spanish
,https://www.youtube.com/watch?v=YhfaUgIUu04,1,yes,Spanish
,https://www.youtube.com/watch?v=wdedrmny01M,1,yes,Spanish
,https://www.youtube.com/watch?v=AofMwuXbADU,1,yes,Spanish
,https://www.youtube.com/watch?v=OS6iZj9ymwA,1,yes,Spanish
,https://www.youtube.com/watch?v=wdExGMXib_E,1,yes,Spanish
,https://www.youtube.com/watch?v=fx5T4E072Xo,1,yes,Spanish
,https://www.youtube.com/watch?v=-SsWW3b1G0I,1,yes,Spanish
,https://www.youtube.com/watch?v=PgjHTv9xNos,1,yes,Spanish
www.vote411.org,https://www.vote411.org/es/connecticut,2,yes,Spanish
www.vote411.org,https://www.vote411.org/es/new-jersey,1,yes,Spanish
www.vote411.org,https://www.vote411.org/es/georgia,1,yes,Spanish
www.vote411.org,https://www.vote411.org/es/new-york,1,yes,Spanish
www.vote411.org,https://www.vote411.org/es/florida,1,yes,Spanish
www.vote411.org,https://www.vote411.org/es/illinois,1,yes,Spanish
www.vote411.org,https://www.vote411.org/es,1,yes,Spanish
www.vote411.org,https://www.vote411.org/es/ballot,1,yes,Spanish
www.vote411.org,https://www.vote411.org/es/california,1,yes,Spanish
www.vote411.org,https://www.vote411.org/es/colorado,1,yes,Spanish
www.vote411.org,https://www.vote411.org/es/arizona,1,yes,Spanish
www.vote411.org,https://www.vote411.org/es/search-by-topic,3,yes,Spanish
www.vote411.org,https://www.vote411.org/es/wisconsin,1,yes,Spanish
www.vote411.org,https://www.vote411.org/es/washington,1,yes,Spanish
www.vote411.org,https://www.vote411.org/es/texas,1,yes,Spanish
www.vote411.org,https://www.vote411.org/es/virginia,1,yes,Spanish
www.vote411.org,https://www.vote411.org/es/north-carolina,1,yes,Spanish
www.vote411.org,https://www.vote411.org/es/maryland,1,yes,Spanish
www.vote411.org,https://www.vote411.org/es/about,1,yes,Spanish
www.vote411.org,https://www.vote411.org/es/massachusetts,1,yes,Spanish
www.vote411.org,https://www.vote411.org/es/kansas,1,yes,Spanish
www.vote411.org,https://www.vote411.org/es/missouri,1,yes,Spanish
www.vote411.org,https://www.vote411.org/es/upcoming/44/events,1,yes,Spanish
www.vote411.org,https://www.vote411.org/es/idaho,1,yes,Spanish
www.vote411.org,https://www.vote411.org/es/new-mexico,1,yes,Spanish
www.vote411.org,https://www.vote411.org/,1,yes,Spanish
www.vote411.org,https://www.vote411.org/es/nevada,1,yes,Spanish
www.vote411.org,https://www.vote411.org/es/pennsylvania,1,yes,Spanish
www.vote411.org,https://www.vote411.org/es/rhode-island,1,yes,Spanish
www.vote411.org,https://www.vote411.org/new-york,1,yes,Spanish
www.vote411.org,https://www.vote411.org/massachusetts,1,yes,Spanish
www.vote411.org,https://www.vote411.org/es/michigan,1,yes,Spanish
www.vote411.org,https://www.vote411.org/es/nebraska,1,yes,Spanish
www.sos.ca.gov,https://www.sos.ca.gov/es/elections/where-and-how,2,yes,Spanish
www.sos.ca.gov,https://www.sos.ca.gov/elections/voting-resources/voting-california/spanish/where-how-vote,2,yes,Spanish
www.sos.ca.gov,https://www.sos.ca.gov/elections/voting-resources/voting-california/spanish,1,yes,Spanish
www.sos.ca.gov,https://www.sos.ca.gov/es/elections/voter-registration/vote-mail,1,yes,Spanish
www.sos.ca.gov,https://www.sos.ca.gov/elections/voting-resources/voting-california/spanish/election-dates-resources,2,yes,Spanish
www.sos.ca.gov,https://www.sos.ca.gov/elections/polling-place,1,yes,Spanish
www.sos.ca.gov,https://www.sos.ca.gov/es/elections/upcoming-elections/general-election-nov-5-2024,4,yes,Spanish
www.sos.ca.gov,https://www.sos.ca.gov/es/elections/upcoming-elections/general-election-nov-5-2024/key-dates-deadlines,3,yes,Spanish
www.sos.ca.gov,https://www.sos.ca.gov/es/elections,1,yes,Spanish
www.sos.ca.gov,https://www.sos.ca.gov/es/elections/voting-resources/county-elections-offices,1,yes,Spanish
www.sos.ca.gov,https://www.sos.ca.gov/es/elections/ballot-status/wheres-my-ballot,2,yes,Spanish
www.sos.ca.gov,https://www.sos.ca.gov/es/elections/polling-place,2,yes,Spanish
www.sos.ca.gov,https://www.sos.ca.gov/es/elections/ballot-status,1,yes,Spanish
www.votetexas.gov,https://www.votetexas.gov/mobile-es/votacion/votacion-en-persona.htm,3,yes,Spanish
www.votetexas.gov,https://www.votetexas.gov/mobile-es/votacion/votacion-por-correo.htm,1,yes,Spanish
www.votetexas.gov,https://www.votetexas.gov/es/preguntas-frecuentes/index.html,1,yes,Spanish
www.votetexas.gov,https://www.votetexas.gov/mobile-es/registrese/index.htm,2,yes,Spanish
www.votetexas.gov,https://www.votetexas.gov/es/registrese-para-votar/tarjeta.html,3,yes,Spanish
es.wikipedia.org,https://es.wikipedia.org/wiki/Elecciones_presidenciales_de_Estados_Unidos_de_2024,3,no,Spanish
es.wikipedia.org,https://es.wikipedia.org/wiki/Elecciones_federales_de_M%C3%A9xico_de_2024,4,no,Spanish
es.wikipedia.org,https://es.wikipedia.org/wiki/Candidato_independiente,3,no,Spanish
es.wikipedia.org,https://es.wikipedia.org/wiki/Senado_de_los_Estados_Unidos,3,no,Spanish
es.wikipedia.org,https://es.wikipedia.org/wiki/L%C3%ADderes_de_la_Mayor%C3%ADa_y_Minor%C3%ADa_del_Senado_de_los_Estados_Unidos,3,no,Spanish
es.wikipedia.org,https://es.wikipedia.org/wiki/C%C3%A1mara_de_Representantes_de_los_Estados_Unidos,3,no,Spanish
es.wikipedia.org,https://es.wikipedia.org/wiki/Anexo:Miembros_de_la_C%C3%A1mara_de_Representantes_de_los_Estados_Unidos,3,no,Spanish
es.wikipedia.org,https://es.wikipedia.org/wiki/Anexo:Elecciones_en_2024,2,no,Spanish
es.wikipedia.org,https://es.wikipedia.org/wiki/Campa%C3%B1a_pol%C3%ADtica,2,no,Spanish
es.wikipedia.org,https://es.wikipedia.org/wiki/Charles_Carrera,3,no,Spanish
es.wikipedia.org,https://es.wikipedia.org/wiki/Primarias_presidenciales_del_Partido_Republicano_de_2024,1,no,Spanish
es.wikipedia.org,https://es.wikipedia.org/wiki/Primarias_presidenciales_del_Partido_Dem%C3%B3crata_de_2024,1,no,Spanish
es.wikipedia.org,https://es.wikipedia.org/wiki/Urna,1,no,Spanish
es.wikipedia.org,https://es.wikipedia.org/wiki/Elecci%C3%B3n_primaria,3,no,Spanish
es.wikipedia.org,https://es.wikipedia.org/wiki/Partido_Celeste_Provida,1,no,Spanish
es.wikipedia.org,https://es.wikipedia.org/wiki/27.%C2%BA_distrito_congresional_de_Florida,2,no,Spanish
es.wikipedia.org,https://es.wikipedia.org/wiki/26.%C2%BA_distrito_congresional_de_Florida,2,no,Spanish
apnews.com,https://apnews.com/politics/fluye-la-desinformacion-antes-de-voto-en-ohio-sobre-el-aborto-y-un-sitio-web-legislativo-contribuye-85de1c8529320b804e3773139d349957,3,yes,Spanish
apnews.com,https://apnews.com/article/trump-aborto-opinion-62dc763d31456ad5b9d0c4ee40ef3a32,3,yes,Spanish
apnews.com,https://apnews.com/hub/election-2024,1,yes,Spanish
apnews.com,https://apnews.com/article/harris-trump-elecciones-politicas-economia-inmigracion-empleo-adbd229c88c1bd0d93c4b52ca979f1ae,1,yes,Spanish
apnews.com,https://apnews.com/politics/general-news-4c28acbc750ba2d0a3d700dde0fd0ac3,2,yes,Spanish
apnews.com,https://apnews.com/us-news/general-news-55375ff46be023867e9013b78ae08480,1,yes,Spanish
apnews.com,https://apnews.com/politics/trump-y-biden-chocan-sobre-economia-y-aborto-en-su-debate-como-candidatos-presidenciales-f13b00a26be607a9ffbc54f4b3dfb04a,2,yes,Spanish
apnews.com,https://apnews.com/article/eeuu-elecciones-demandas-cd02ab183676c3567c9efb310ba4dd58,1,yes,Spanish
apnews.com,https://apnews.com/article/aborto-eeuu-votacion-referendo-migrantes-traduccion-indigena-ff8e7b074e4a02093b34eeb27dfe2c80,3,yes,Spanish
apnews.com,https://apnews.com/article/kamala-harris-donald-trump-elecciones-sondeo-economia-605b47dcb12610d31d612766616335e7,1,yes,Spanish
www.lavote.gov,https://www.lavote.gov/es/home/voting-elections/voting-options/vote-by-mail/vbm-ballot-drop-off,4,yes,Spanish
www.lavote.gov,https://www.lavote.gov/es/home/voting-elections/voting-options/vote-by-mail/how-to-vote-by-mail,1,yes,Spanish
www.lavote.gov,https://www.lavote.gov/es/home/voting-elections/opciones-para-votaci%C3%B3n-e-informaci%C3%B3n/militares-y-en-el-extranjero/c%C3%B3mo-obtener-la-boleta-electoral,3,yes,Spanish
www.lavote.gov,https://www.lavote.gov/es/home/voting-elections/voter-education/what-to-do-before-an-election/register-to-vote,1,yes,Spanish
www.lavote.gov,https://www.lavote.gov/es/home/voting-elections/candidate-measure-information/informaci%C3%B3n-general/manual-y-gu%C3%ADa-de-recursos-sobre-los-candidatos,1,yes,Spanish
www.lavote.gov,https://www.lavote.gov/es/home/voting-elections/educaci%C3%B3n-de-los-electores/qu%C3%A9-hacer-antes-de-una-elecci%C3%B3n/obtenga-su-muestra-de-la-boleta-electoral,2,yes,Spanish
www.lavote.gov,https://www.lavote.gov/es/home/voting-elections/current-elections/election-results/live-results,2,yes,Spanish
www.lavote.gov,https://www.lavote.gov/es/home/voting-elections/voting-options/mobile-vote-centers,2,yes,Spanish
www.lavote.gov,https://www.lavote.gov/es/home/voting-elections/opciones-para-votaci%C3%B3n-e-informaci%C3%B3n/muestra-de-la-boleta-electoral-electr%C3%B3nica/muestra-de-la-boleta-electoral-electr%C3%B3nica,1,yes,Spanish
spanish.nycvotes.org,https://spanish.nycvotes.org/how-to-vote/register-to-vote/,4,no,Spanish
spanish.nycvotes.org,https://spanish.nycvotes.org/,1,no,Spanish
spanish.nycvotes.org,https://spanish.nycvotes.org/how-to-vote/election-day/,2,no,Spanish
spanish.nycvotes.org,https://spanish.nycvotes.org/whats-on-the-ballot/2024-state-and-federal-primary-election/compare-candidates/,3,no,Spanish
spanish.nycvotes.org,https://spanish.nycvotes.org/whats-on-the-ballot/2023-general-election/city-council/profile/?candidateId=1996&electionCycle=2023&districtID=49&boroughCode=%20&officeType=5&partyId=D&bannerTitle=Kamillah%20Hanks&geoAreaAbbr=&officelevel=1,1,no,Spanish
spanish.nycvotes.org,https://spanish.nycvotes.org/how-to-vote/ranked-choice-voting/,2,no,Spanish
spanish.nycvotes.org,https://spanish.nycvotes.org/how-to-vote/ranked-choice-voting/how-votes-are-counted/,1,no,Spanish
spanish.nycvotes.org,https://spanish.nycvotes.org/how-to-vote/elections-calendar/,1,no,Spanish
spanish.nycvotes.org,https://spanish.nycvotes.org/how-to-vote/,1,no,Spanish
elections.ny.gov,https://elections.ny.gov/early-vote-mail-application-spanish,4,yes,Spanish
elections.ny.gov,https://elections.ny.gov/system/files/documents/2024/06/2024-spanish-absentee-ballot-application-primary-only.pdf,5,yes,Spanish
elections.ny.gov,https://elections.ny.gov/system/files/documents/2024/06/voteregform-span-fillable-2023.pdf,1,yes,Spanish
myvote.wi.gov,https://myvote.wi.gov/es-es/Find-My-Polling-Place,4,yes,Spanish
myvote.wi.gov,https://myvote.wi.gov/en-us/Find-My-Polling-Place,1,yes,Spanish
myvote.wi.gov,https://myvote.wi.gov/es-es/Voter-Deadlines,1,yes,Spanish
myvote.wi.gov,https://myvote.wi.gov/es-es/My-Polling-Place,1,yes,Spanish
myvote.wi.gov,https://myvote.wi.gov/es-es/Register-To-Vote,3,yes,Spanish
myvote.wi.gov,https://myvote.wi.gov/es-es/My-Voter-Info,3,yes,Spanish
myvote.wi.gov,https://myvote.wi.gov/es-es/Track-My-Ballot,2,yes,Spanish
myvote.wi.gov,https://myvote.wi.gov/es-es/Inicio/a/w,1,yes,Spanish
myvote.wi.gov,https://myvote.wi.gov/es-es/Vote-Absentee-by-Mail,3,yes,Spanish
cnnespanol.cnn.com,https://cnnespanol.cnn.com/2024/07/22/cuando-son-elecciones-ee-uu-2024-fechas-clave-campana-electoral-orix,4,no,Spanish
cnnespanol.cnn.com,https://cnnespanol.cnn.com/2023/12/18/opinion-elecciones-2024-conmocionar-mundo-trax,3,no,Spanish
cnnespanol.cnn.com,https://cnnespanol.cnn.com/category/elecciones-estados-unidos/,3,no,Spanish
cnnespanol.cnn.com,https://cnnespanol.cnn.com/video/debate-harris-trump-historia-antecedentes-dusa-tv,3,no,Spanish
cnnespanol.cnn.com,https://cnnespanol.cnn.com/2024/10/21/papeleta-boleta-votar-elecciones-presidenciales-ee-uu-2024-trax,6,no,Spanish
cnnespanol.cnn.com,https://cnnespanol.cnn.com/2024/10/25/washington-post-no-respaldara-candidatos-elecciones-bezos-trax/,2,no,Spanish
cnnespanol.cnn.com,https://cnnespanol.cnn.com/2024/05/31/mexico-propuestas-sistema-de-pensiones-candidatos-orix,2,no,Spanish
cnnespanol.cnn.com,https://cnnespanol.cnn.com/video/estrategias-elecciones-eeuu-trump-harris-votantes-opinion-cafe-tv,1,no,Spanish
cnnespanol.cnn.com,https://cnnespanol.cnn.com/2024/10/02/conclusiones-debate-candidatos-vicepresidencia-estados-unidos-trax,2,no,Spanish
cnnespanol.cnn.com,https://cnnespanol.cnn.com/2024/10/01/debate-candidatos-vicepresidente-estados-unidos-en-vivo-noticias-vance-walz-trax/,2,no,Spanish
cnnespanol.cnn.com,https://cnnespanol.cnn.com/2024/10/21/noticias-elecciones-eeuu-2024-trump-harris-en-vivo-trax/,2,no,Spanish
cnnespanol.cnn.com,https://cnnespanol.cnn.com/2024/01/15/republicanos-aspirantes-elecciones-presidenciales-2024-trax,3,no,Spanish
cnnespanol.cnn.com,https://cnnespanol.cnn.com/2024/07/02/opisicion-venezuela-candidatos-orix,3,no,Spanish
cnnespanol.cnn.com,https://cnnespanol.cnn.com/2024/01/23/quienes-son-los-democratas-que-competiran-contra-biden-por-la-candidatura-presidencial-de-2024,2,no,Spanish
cnnespanol.cnn.com,https://cnnespanol.cnn.com/2024/08/13/propuesta-derechos-aborto-arizona-boleta-noviembre-trax,2,no,Spanish
cnnespanol.cnn.com,https://cnnespanol.cnn.com/2024/03/08/asi-van-encuestas-elecciones-presidenciales-mexico-orix,2,no,Spanish
cnnespanol.cnn.com,https://cnnespanol.cnn.com/2024/09/30/debate-vicepresidencia-estados-unidos-cbs-prensa,1,no,Spanish
cnnespanol.cnn.com,https://cnnespanol.cnn.com/2024/10/25/noticias-elecciones-eeuu-2024-trump-harris-en-vivo-trax-5/,3,no,Spanish
cnnespanol.cnn.com,https://cnnespanol.cnn.com/2024/06/07/opinion-elecciones-mexico-explicaciones-resultados-castaneda-orix,2,no,Spanish
cnnespanol.cnn.com,https://cnnespanol.cnn.com/2024/09/04/encuestas-cnn-seis-estados-disputa-georgia-pensilvania-elecciones-trax/,3,no,Spanish
cnnespanol.cnn.com,https://cnnespanol.cnn.com/eeuu/elecciones,1,no,Spanish
cnnespanol.cnn.com,https://cnnespanol.cnn.com/2024/07/18/encuestas-venezuela-favoritos-elecciones-presidenciales-orix,2,no,Spanish
cnnespanol.cnn.com,https://cnnespanol.cnn.com/2024/10/21/analisis-respuestas-preguntas-elecciones-ee-uu-trax,3,no,Spanish
cnnespanol.cnn.com,https://cnnespanol.cnn.com/2024/05/29/quienes-son-favoritos-ganar-elecciones-presidenciales-mexico-2024-encuestas-trax/,2,no,Spanish
cnnespanol.cnn.com,https://cnnespanol.cnn.com/video/amlo-candidatos-presidenciales-estados-unidos-perspectivas-mexico-tv,1,no,Spanish
cnnespanol.cnn.com,https://cnnespanol.cnn.com/2024/07/05/opinion-kamala-harris-gretchen-whitmer-candidatura-ganadora-trax,2,no,Spanish
cnnespanol.cnn.com,https://cnnespanol.cnn.com/2024/03/01/elecciones-presidenciales-mexico-2024-candidatos-presidenciales-orix,1,no,Spanish
www.sos.wa.gov,https://www.sos.wa.gov/es/elections/elections-calendar/fechas-y-plazos,7,yes,Spanish
www.sos.wa.gov,https://www.sos.wa.gov/es/elections/voters/helpful-information/preguntas-frecuentes-sobre-las-elecciones-por-correo,4,yes,Spanish
www.sos.wa.gov,https://www.sos.wa.gov/es/elections/voters/helpful-information/colegio-electoral,2,yes,Spanish
www.sos.wa.gov,https://www.sos.wa.gov/es/elecciones,1,yes,Spanish
www.bbc.com,https://www.bbc.com/mundo/articles/cgl42nlj6r5o,3,yes,Spanish
www.bbc.com,https://www.bbc.com/mundo/topics/c1v8en6r2qgt,3,yes,Spanish
www.bbc.com,https://www.bbc.com/mundo/articles/cp35ejnj1leo,4,yes,Spanish
www.bbc.com,https://www.bbc.com/mundo/articles/c33vplxn64po,4,yes,Spanish
www.bbc.com,https://www.bbc.com/mundo/articles/cj31y87v582o,2,yes,Spanish
www.bbc.com,https://www.bbc.com/mundo/articles/cl40j1jn28jo,4,yes,Spanish
www.bbc.com,https://www.bbc.com/mundo/articles/czk0gnzd5eyo,3,yes,Spanish
www.bbc.com,https://www.bbc.com/mundo/articles/cdx9ky4weyvo,3,yes,Spanish
www.bbc.com,https://www.bbc.com/portuguese/articles/ce52523njv4o,3,yes,Spanish
www.bbc.com,https://www.bbc.com/mundo/articles/cn49kgpenjlo,3,yes,Spanish
www.bbc.com,https://www.bbc.com/mundo/noticias-internacional-63499439,2,yes,Spanish
www.bbc.com,https://www.bbc.com/mundo/articles/clwwx4wne9lo,3,yes,Spanish
www.bbc.com,https://www.bbc.com/mundo/articles/c93pn7gdg4lo,2,yes,Spanish
www.bbc.com,https://www.bbc.com/mundo/noticias-america-latina-61473371,1,yes,Spanish
www.bbc.com,https://www.bbc.com/mundo/articles/c14ll14xm05o,1,yes,Spanish
www.bbc.com,https://www.bbc.com/mundo/articles/cj62nrk0krno,1,yes,Spanish
www.bbc.com,https://www.bbc.com/mundo/articles/cw4q1yqjej2o,2,yes,Spanish
www.sos.state.tx.us,https://www.sos.state.tx.us/elections/voter/reqabbm-sp.shtml,3,yes,Spanish
www.sos.state.tx.us,https://www.sos.state.tx.us/sos_espanol.shtml,3,yes,Spanish
www.sos.state.tx.us,https://www.sos.state.tx.us/elections/forms/spanish-glossary.pdf,1,yes,Spanish
www.sos.state.tx.us,https://www.sos.state.tx.us/elections/forms/vr-with-receipt-spanish.pdf,2,yes,Spanish
www.sos.state.tx.us,https://www.sos.state.tx.us/elections/forms/pol-sub/8-19af.pdf,2,yes,Spanish
www.sos.state.tx.us,https://www.sos.state.tx.us/elections/voter/reqvrspanish.shtml,2,yes,Spanish
www.sos.state.tx.us,https://www.sos.state.tx.us/elections/voter/county.shtml,1,yes,Spanish
www.elections.virginia.gov,https://www.elections.virginia.gov/media/candidatesandpacs/2024-candidate-bulletins/translations/2023-11-05-Presidential-Independent-and-Third-Party-Candidates-Bulletin_FINAL_ES.pdf,5,yes,Spanish
www.elections.virginia.gov,https://www.elections.virginia.gov/media/formswarehouse/2024-voter-outreach/voter-pocket-guide/11.5.24-VPG_Spanish_BW.pdf,1,yes,Spanish
www.elections.virginia.gov,https://www.elections.virginia.gov/media/formswarehouse/absentee-voting/applications/SBE-701-703rev7.022_SPA.pdf,4,yes,Spanish
www.elections.virginia.gov,https://www.elections.virginia.gov/LocalGR?lang=es,1,yes,Spanish
www.elections.virginia.gov,https://www.elections.virginia.gov/casting-a-ballot/polling-place-lookup/,1,yes,Spanish
